№,Ханш Дээд,Ханш Доод,Ханш Нээлт,Ханш Хаалт,Арилжигдсан Ширхэг,Арилжигдсан Үнийн дүн,Арилжигдсан Огноо
1,"22,980","21,800","21,800","22,980",227,"4,998,560",2025-05-12
2,"21,880","21,800","21,880","21,860",19,"415,480.00",2025-05-09
3,"21,880","21,700","21,880","21,740",5,"108,680.00",2025-05-08
4,"21,900","21,880","21,900","21,880",116,"2,539,000.00",2025-05-07
5,"22,000","21,920","22,000","21,920",92,"2,017,360.00",2025-05-06
6,"22,000","21,440","21,780","22,000",81,"1,767,200.00",2025-05-05
7,"21,780","21,420","21,420","21,780",168,"3,635,120.00",2025-05-02
8,"21,800","21,320","21,800","21,780",91,"1,964,660.00",2025-05-01
9,"21,800","21,500","21,500","21,580",41,"884,500.00",2025-04-30
10,"21,980","21,400","21,980","21,800",374,"8,136,620.00",2025-04-29
11,"22,000","21,900","22,000","21,980",108,"2,373,280.00",2025-04-28
12,"22,000","21,980","22,000","21,980",16,"351,720",2025-04-25
13,"21,900","21,880","21,900","21,880",53,"1,160,580.00",2025-04-24
14,"21,980","21,960","21,960","21,980",23,"505,480.00",2025-04-23
15,"21,960","21,700","21,960","21,960",16,"349,420.00",2025-04-22
16,"22,000","21,680","21,700","21,840",509,"11,162,980.00",2025-04-21
17,"21,700","21,600","21,600","21,620",19,"410,800.00",2025-04-18
18,"21,600","21,500","21,580","21,540",16,"344,680.00",2025-04-17
19,"21,600","21,100","21,100","21,400",8,"171,240.00",2025-04-16
20,"21,780","21,100","21,100","21,180",166,"3,528,060.00",2025-04-15
21,"21,800","20,980","21,800","21,200",33,"699,340",2025-04-14
22,"21,840","21,760","21,800","21,820",43,"937,240.00",2025-04-11
23,"21,860","21,500","21,560","21,860",75,"1,632,180.00",2025-04-10
24,"21,340","20,800","21,340","20,860",26,"542,380.00",2025-04-09
25,"21,360","20,800","20,820","20,900",135,"2,828,380.00",2025-04-08
26,"21,300","20,800","21,300","20,860",9,"187,700.00",2025-04-07
27,"21,620","20,600","20,700","21,380",192,"3,971,300.00",2025-04-04
28,"21,680","20,700","21,680","20,840",87,"1,815,380.00",2025-04-03
29,"21,740","20,640","21,740","20,920",610,"12,862,040.00",2025-04-02
30,"21,880","20,620","21,880","20,740",111,"2,327,440.00",2025-04-01
31,"21,980","20,800","21,180","21,980",31,"660,680.00",2025-03-31
32,"22,000","20,500","21,100","21,180",338,"6,953,860.00",2025-03-28
33,"21,980","20,540","21,980","20,600",451,"9,372,680.00",2025-03-27
34,"22,000","20,700","21,980","22,000",544,"11,292,360.00",2025-03-26
35,"22,820","20,360","22,820","20,420","1,744","35,722,360.00",2025-03-25
36,"23,800","21,500","23,800","22,820","4,456","102,061,700.00",2025-03-24
37,"23,960","23,840","23,960","23,900",20,"477,340.00",2025-03-21
38,"23,960","23,900","23,940","23,900",69,"1,649,600.00",2025-03-20
39,"23,900","23,900","23,900","23,900",10,"239,000.00",2025-03-19
40,"23,980","23,920","23,960","23,940",22,"527,160.00",2025-03-17
41,"23,960","23,900","23,960","23,920",21,"502,320.00",2025-03-14
42,"23,960","23,820","23,960","23,820",34,"810,240.00",2025-03-13
43,"23,960","23,820","23,960","23,820",91,"2,170,280.00",2025-03-12
44,"23,980","23,800","23,980","23,980",151,"3,611,280.00",2025-03-11
45,"24,000","23,960","23,980","23,980","1,030","24,699,300.00",2025-03-10
46,"24,000","23,980","24,000","23,980",175,"4,198,580.00",2025-03-07
47,"24,200","24,000","24,000","24,000",155,"3,722,400.00",2025-03-06
48,"24,000","24,000","24,000","24,000.00",10,"240,000.00",2025-02-28
49,"24,000","23,960","24,000","23,980",86,"2,062,940.00",2025-02-27
50,"24,000","23,980","24,000","23,980",56,"1,343,900.00",2025-02-26
51,"24,040","23,980","24,040","23,980",272,"6,527,640.00",2025-02-25
52,"24,100","24,000","24,020","24,000",464,"11,138,460.00",2025-02-24
53,"24,000","24,000","24,000","24,000",518,"12,432,000.00",2025-02-20
54,"24,000","23,980","24,000","24,000",327,"7,844,460.00",2025-02-19
55,"24,000","23,980","24,000","24,000","1,402","33,646,220.00",2025-02-18
56,"24,000","24,000","24,000","24,000","1,626","39,024,000.00",2025-02-17
57,"24,000","23,980","24,000","24,000","1,275","30,599,600.00",2025-02-14
58,"24,880","23,980","24,000","24,740",66,"1,599,800.00",2025-02-13
59,"24,000","23,980","24,000","24,000",865,"20,758,460",2025-02-12
60,"24,000","23,980","23,980","24,000",122,"2,927,560.00",2025-02-11
61,"24,000","23,980","24,000","23,980",599,"14,367,320.00",2025-02-10
62,"24,000","23,980","24,000","23,980",267,"6,407,880.00",2025-02-07
63,"24,000","24,000","24,000","24,000",168,"4,032,000.00",2025-02-06
64,"24,000","24,000","24,000","24,000",126,"3,024,000.00",2025-02-05
65,"25,000","24,000","24,900","24,000","1,526","37,145,340.00",2025-02-04
66,"25,000","24,400","24,900","24,940",83,"2,055,800.00",2025-02-03
67,"24,900","24,500","24,500","24,520",127,"3,112,700.00",2025-01-31
68,"24,980","24,120","24,980","24,880",110,"2,742,620.00",2025-01-30
69,"25,000","24,000","24,000","24,000",506,"12,149,000.00",2025-01-29
70,"24,000","23,980","23,980","24,000",135,"3,239,240.00",2025-01-28
71,"24,000","23,980","24,000","24,000",278,"6,671,760.00",2025-01-27
72,"24,000","24,000","24,000","24,000",195,"4,680,000.00",2025-01-24
73,"24,000","23,960","24,000","24,000",515,"12,353,840.00",2025-01-23
74,"24,000","24,000","24,000","24,000",128,"3,072,000.00",2025-01-22
75,"24,000","23,980","24,000","24,000",385,"9,239,920.00",2025-01-21
76,"24,000","23,980","24,000","24,000",74,"1,775,800.00",2025-01-20
77,"24,000","23,980","24,000","24,000",116,"2,783,980.00",2025-01-17
78,"24,000","24,000","24,000","24,000",33,"792,000.00",2025-01-16
79,"24,000","24,000","24,000","24,000",179,"4,296,000.00",2025-01-15
80,"24,400","24,380","24,380","24,380",27,"658,280.00",2025-01-14
81,"24,000","24,000","24,000","24,000",405,"9,720,000.00",2025-01-13
82,"24,000","23,980","24,000","24,000",169,"4,055,980",2025-01-10
83,"24,000","23,980","24,000","24,000",658,"15,791,900",2025-01-09
84,"33,000","33,000",0,0,"10,000","330,000,000",2025-01-08
85,"24,000","24,000","24,000","24,000",104,"2,496,000",2025-01-08
86,"24,400","24,000","24,000","24,380","1,027","24,658,700",2025-01-07
87,"24,400","24,200","24,200","24,320",369,"8,930,600",2025-01-06
88,"24,200","24,200","24,200","24,200",4,"96,800.00",2025-01-03
89,"24,400","24,200","24,400","24,200",307,"7,479,900",2025-01-02
90,"25,360","25,000","25,360","25,180",248,"6,246,100",2024-12-31
91,"25,440","24,440","24,440","25,200",20,"496,360",2024-12-30
92,"25,200","25,200","25,200","25,200",1,"25,200",2024-12-27
93,"25,200","25,000","25,000","25,200",301,"7,525,200",2024-12-26
94,"26,000","23,980","24,000","25,860","17,222","425,227,180.00",2024-12-25
95,"25,000","24,000","24,000","25,000","4,599","110,378,000.00",2024-12-24
96,"24,000","23,980","24,000","24,000","2,500","59,958,000.00",2024-12-23
97,"24,000","23,900","24,000","24,000","5,132","123,160,760.00",2024-12-20
98,"25,000","24,000","24,000","24,040","10,944","262,737,360.00",2024-12-19
99,"26,940","25,200","25,200","25,620","1,635","43,456,140",2024-12-18
100,"27,440","24,100","24,100","24,440","20,972","556,697,180.00",2024-12-17
101,"27,400","23,940","23,940","26,160","25,964","631,095,400.00",2024-12-16
102,"24,000","23,980","24,000","24,000",163,"3,911,800.00",2024-12-13
103,"24,000","23,980","24,000","23,980",789,"18,932,000.00",2024-12-12
104,"24,040","24,000","24,020","24,000","1,154","27,697,360.00",2024-12-11
105,"24,000","24,000","24,000","24,000","7,377","177,048,000.00",2024-12-10
106,"27,500","23,980","24,000","27,020","9,617","233,707,920.00",2024-12-09
107,"24,000","24,000","24,000","24,000","1,444","34,656,000.00",2024-12-06
108,"24,980","24,000","24,000","24,260","10,095","242,302,920.00",2024-12-05
109,"24,500","23,980","24,000","24,200","6,359","153,447,100.00",2024-12-04
110,"26,000","24,000","24,400","24,040",521,"12,826,860.00",2024-12-03
111,"25,400","23,960","24,000","24,400","8,438","202,558,440.00",2024-12-02
112,"24,000","24,000","24,000","24,000",250,"6,000,000",2024-11-29
113,"24,000","23,960","23,960","24,000",61,"1,463,600.00",2024-11-28
114,"24,000","23,980","24,000","24,000",193,"4,631,980.00",2024-11-27
115,"24,000","23,980","23,980","23,980",29,"695,460.00",2024-11-25
116,"24,000","23,980","24,000","24,000","1,154","27,695,780.00",2024-11-22
117,"24,000","23,920","23,920","24,000",72,"1,727,360.00",2024-11-21
118,"24,000","24,000","24,000","24,000",705,"16,920,000.00",2024-11-20
119,"24,000","24,000","24,000","24,000","1,913","45,912,000.00",2024-11-19
120,"24,500","24,460","24,500","24,500",146,"3,576,880",2024-11-18
121,"24,500","24,460","24,460","24,460",7,"171,260.00",2024-11-15
122,"24,500","24,500","24,500","24,500",72,"1,764,000",2024-11-14
123,"24,500","24,500","24,500","24,500",201,"4,924,500.00",2024-11-13
124,"24,500","24,400","24,500","24,460",472,"11,561,740.00",2024-11-12
125,"24,900","24,400","24,900","24,420",613,"15,129,360.00",2024-11-11
126,"24,900","24,420","24,420","24,900","1,000","24,866,880",2024-11-08
127,"24,900","24,500","24,900","24,500",68,"1,675,600.00",2024-11-07
128,"24,500","24,400","24,500","24,440",43,"1,050,500",2024-11-06
129,"24,500","24,400","24,500","24,500",52,"1,271,280",2024-11-05
130,"24,880","24,480","24,880","24,500",245,"6,022,300.00",2024-11-04
131,"24,880","24,880","24,880","24,880",13,"323,440",2024-11-01
132,"24,880","24,500","24,880","24,500",165,"4,042,880.00",2024-10-31
133,"24,500","24,500","24,500","24,500",141,"3,454,500.00",2024-10-30
134,"24,500","24,480","24,500","24,480","3,985","97,632,340.00",2024-10-29
135,"24,900","24,860","24,900","24,880",87,"2,163,400.00",2024-10-28
136,"24,880","24,860","24,860","24,880","11,056","275,056,520",2024-10-25
137,"24,880","24,860","24,880","24,860",598,"14,878,200.00",2024-10-24
138,"24,880","24,880","24,880","24,880",14,"348,320.00",2024-10-23
139,"24,880","24,800","24,880","24,880",69,"1,716,560.00",2024-10-21
140,"24,820","24,820","24,820","24,820",1,"24,820.00",2024-10-17
141,"24,820","24,500","24,500","24,800",60,"1,482,800.00",2024-10-16
142,"24,820","24,500","24,520","24,500",238,"5,876,960.00",2024-10-15
143,"24,700","24,500","24,520","24,520",119,"2,919,200.00",2024-10-14
144,"24,700","24,520","24,700","24,620",25,"615,700.00",2024-10-10
145,"24,620","24,520","24,620","24,600",159,"3,908,680.00",2024-10-09
146,"24,760","24,700","24,700","24,760",54,"1,334,100.00",2024-10-08
147,"24,800","24,700","24,700","24,760",38,"940,540.00",2024-10-07
148,"24,800","24,800","24,800","24,800",65,"1,612,000.00",2024-10-04
149,"24,700","24,600","24,600","24,640",24,"590,900.00",2024-10-03
150,"24,700","24,600","24,700","24,700",23,"567,900.00",2024-10-02
151,"24,700","24,500","24,700","24,540",46,"1,128,380.00",2024-09-30
152,"24,700","24,700","24,700","24,700",10,"247,000.00",2024-09-27
153,"24,700","24,700","24,700","24,700",1,"24,700.00",2024-09-26
154,"24,700","24,520","24,700","24,520",28,"690,000.00",2024-09-25
155,"24,700","24,700","24,700","24,700",10,"247,000.00",2024-09-24
156,"24,800","24,800","24,800","24,800",14,"347,200.00",2024-09-23
157,"24,800","24,800","24,800","24,800",17,"421,600.00",2024-09-20
158,"24,800","24,800","24,800","24,800",3,"74,400.00",2024-09-19
159,"24,960","24,800","24,960","24,900","8,505","211,756,000.00",2024-09-18
160,"24,960","24,960","24,960","24,960",1,"24,960.00",2024-09-17
161,"24,960","24,900","24,960","24,900",15,"373,800.00",2024-09-16
162,"24,820","24,820","24,820","24,820",25,"620,500.00",2024-09-13
163,"24,960","24,800","24,800","24,860",88,"2,183,920.00",2024-09-12
164,"25,000","24,800","25,000","24,820",17,"422,160.00",2024-09-11
165,"24,820","24,820","24,820","24,820",30,"744,600.00",2024-09-10
166,"25,000","24,900","25,000","24,980",9,"224,900.00",2024-09-09
167,"25,000","24,820","25,000","24,920",239,"5,973,400",2024-09-06
168,"25,000","24,980","25,000","25,000",16,"399,880.00",2024-09-04
169,"25,000","24,820","25,000","25,000",36,"899,320.00",2024-09-03
170,"24,840","24,840","24,840","24,840",10,"248,400.00",2024-09-02
171,"26,780","24,980","26,780","24,980",36,"937,080.00",2024-08-30
172,"26,800","24,800","24,840","26,780",63,"1,598,020.00",2024-08-29
173,"25,000","24,800","24,800","24,800",67,"1,663,700.00",2024-08-27
174,"25,000","24,800","25,000","24,800",89,"2,215,340.00",2024-08-26
175,"25,000","24,820","25,000","24,820",28,"698,200.00",2024-08-23
176,"25,000","25,000","25,000","25,000",41,"1,025,000.00",2024-08-22
177,"25,000","24,840","25,000","25,000",87,"2,174,680.00",2024-08-21
178,"24,820","24,820","24,820","24,820",13,"322,660.00",2024-08-20
179,"24,800","24,800","24,800","24,800",12,"297,600.00",2024-08-19
180,"25,000","24,820","25,000","25,000",145,"3,624,640",2024-08-16
181,"25,000","25,000","25,000","25,000",27,"675,000.00",2024-08-15
182,"25,000","24,800","24,800","25,000",250,"6,245,600",2024-08-14
183,"25,000","24,800","25,000","24,800",458,"11,446,500",2024-08-13
184,"27,000","27,000","27,000","27,000",2,"54,000",2024-08-12
185,"27,000","26,100","27,000","26,200",9,"235,800",2024-08-09
186,"27,000","26,900","26,900","26,920",6,"161,500",2024-08-07
187,"27,300","26,000","27,300","26,000",81,"2,200,100",2024-08-06
188,"27,400","27,400","27,400","27,400",3,"82,200",2024-08-05
189,"27,500","27,480","27,480","27,480",3,"82,460",2024-08-01
190,"26,600","25,880","25,880","26,480",148,"3,919,980",2024-07-31
191,"25,880","25,880","25,880","25,880",57,"1,475,160",2024-07-30
192,"26,400","25,300","25,300","25,880",144,"3,688,020",2024-07-29
193,"25,500","25,000","25,500","25,000",30,"752,000",2024-07-26
194,"25,500","24,800","24,800","25,100",75,"1,873,380.00",2024-07-25
195,"25,500","24,800","25,500","25,340",188,"4,767,580.00",2024-07-24
196,"26,580","25,600","26,580","26,020",120,"3,171,460",2024-07-23
197,"26,580","25,980","25,980","26,020",873,"22,760,560",2024-07-22
198,"25,200","24,900","24,980","25,200",568,"14,183,220.00",2024-07-19
199,"24,900","24,900","24,900","24,900",1,"24,900.00",2024-07-18
200,"24,980","24,980","24,980","24,980",5,"124,900.00",2024-07-17
201,"24,980","24,980","24,980","24,980",9,"224,820.00",2024-07-16
202,"24,980","24,040","24,980","24,100",56,"1,356,700.00",2024-07-09
203,"24,960","24,900","24,900","24,940",49,"1,222,440.00",2024-07-08
204,"24,960","24,940","24,940","24,940",18,"448,960.00",2024-07-05
205,"24,940","24,940","24,940","24,940",30,"748,200.00",2024-07-04
206,"24,940","24,940","24,940","24,940",1,"24,940.00",2024-07-03
207,"24,940","24,000","24,000","24,480",26,"636,220.00",2024-07-02
208,"24,980","24,000","24,200","24,000",280,"6,751,420.00",2024-07-01
209,"24,980","24,960","24,980","24,980",12,"299,720.00",2024-06-27
210,"24,980","24,000","24,960","24,560",419,"10,290,820.00",2024-06-26
211,"24,960","24,200","24,960","24,520",83,"2,035,160.00",2024-06-25
212,"25,000","24,960","25,000","24,960",135,"3,374,800.00",2024-06-24
213,"28,360","24,960","24,980","27,780","3,459","87,218,620.00",2024-06-21
214,"24,960","24,960","24,960","24,960",1,"24,960",2024-06-20
215,"24,980","24,980","24,980","24,980",5,"124,900",2024-06-19
216,"25,380","23,520","25,380","23,520",26,"630,120.00",2024-06-18
217,"24,900","24,900","24,900","24,900",2,"49,800.00",2024-06-17
218,"24,140","23,000","24,140","23,740",83,"1,970,760.00",2024-06-14
219,"25,000","24,000","25,000","24,140",50,"1,206,560.00",2024-06-13
220,"25,000","24,000","24,800","24,820",266,"6,603,600.00",2024-06-12
221,"25,000","24,000","24,920","25,000",356,"8,751,080.00",2024-06-11
222,"25,460","24,700","25,460","24,900",41,"1,017,800.00",2024-06-10
223,"24,800","24,700","24,800","24,700",92,"2,273,540.00",2024-06-07
224,"24,920","24,800","24,920","24,820",45,"1,117,320.00",2024-06-06
225,"25,480","24,700","25,480","24,720",33,"817,860.00",2024-06-04
226,"25,000","24,640","24,940","24,820",241,"5,983,900",2024-06-03
227,"24,940","24,560","24,940","24,600",66,"1,638,320.00",2024-05-31
228,"25,000","24,560","25,000","24,640",179,"4,433,120.00",2024-05-30
229,"25,000","24,500","25,000","24,940",768,"19,149,080.00",2024-05-29
230,"25,800","25,800","25,800","25,800",14,"361,200.00",2024-05-28
231,"25,800","25,300","25,600","25,380",367,"9,351,800.00",2024-05-27
232,"25,800","25,800","25,800","25,800",19,"490,200",2024-05-22
233,"25,900","25,600","25,600","25,900",54,"1,385,100",2024-05-21
234,"25,800","25,540","25,600","25,560",14,"358,240.00",2024-05-20
235,"25,600","25,600","25,600","25,600",26,"665,600.00",2024-05-17
236,"25,900","25,900","25,900","25,900",7,"181,300",2024-05-16
237,"26,000","25,000","25,000","26,000",84,"2,105,200",2024-05-15
238,"26,000","26,000","26,000","26,000",4,"104,000",2024-05-14
239,"26,000","25,000","26,000","25,360",197,"5,048,740",2024-05-13
240,"25,900","25,900","25,900","25,900",41,"1,061,900",2024-05-10
241,"26,000","25,900","26,000","25,900",55,"1,425,000",2024-05-09
242,"26,000","25,900","26,000","25,900",84,"2,178,220",2024-05-08
243,"26,000","26,000","26,000","26,000",51,"1,326,000",2024-05-07
244,"26,000","25,900","26,000","26,000",475,"12,347,640",2024-05-06
245,"26,000","26,000","26,000","26,000",65,"1,690,000",2024-05-03
246,"26,000","25,900","25,900","25,920",187,"4,846,900",2024-05-02
247,"26,000","25,900","26,000","25,920",298,"7,740,400",2024-05-01
248,"26,000","26,000","26,000","26,000",106,"2,756,000",2024-04-30
249,"26,000","26,000","26,000","26,000",12,"312,000",2024-04-29
250,"26,000","26,000","26,000","26,000",16,"416,000",2024-04-26
251,"26,000","25,700","26,000","26,000",60,"1,559,400",2024-04-25
252,"26,000","25,700","25,700","26,000",107,"2,773,560",2024-04-24
253,"25,900","25,900","25,900","25,900",1,"25,900",2024-04-23
254,"26,000","26,000","26,000","26,000",9,"234,000",2024-04-22
255,"26,000","26,000","26,000","26,000",37,"962,000",2024-04-19
256,"26,000","25,500","25,500","26,000",173,"4,412,960",2024-04-18
257,"26,000","26,000","26,000","26,000",39,"1,014,000",2024-04-17
258,"26,000","25,900","26,000","26,000",81,"2,105,700",2024-04-16
259,"26,000","26,000","26,000","26,000",52,"1,352,000",2024-04-15
260,"26,000","26,000","26,000","26,000",45,"1,170,000",2024-04-12
261,"26,000","26,000","26,000","26,000",10,"260,000",2024-04-11
262,"26,000","25,700","25,700","25,960",88,"2,285,000",2024-04-10
263,"26,500","25,700","26,500","25,940","2,164","56,930,140",2024-04-09
264,"28,900","26,000","28,100","26,020","3,672","95,705,200",2024-04-08
265,"28,900","28,500","28,880","28,900",24,"693,040",2024-04-05
266,"28,500","27,700","27,700","28,500",60,"1,702,000",2024-04-04
267,"28,900","27,120","27,120","28,900",8,"221,300",2024-04-03
268,"28,900","27,000","28,500","27,020","1,232","33,529,480",2024-04-01
269,"28,500","28,500","28,500","28,500",19,"541,500",2024-03-29
270,"28,200","28,000","28,200","28,000",100,"2,800,200",2024-03-28
271,"28,500","28,500","28,500","28,500",100,"2,850,000",2024-03-27
272,"28,020","28,000","28,020","28,000",42,"1,176,020",2024-03-25
273,"28,900","28,000","28,880","28,880",30,"856,160",2024-03-22
274,"28,880","28,880","28,880","28,880",17,"490,960",2024-03-21
275,"28,600","28,000","28,000","28,360",695,"19,714,600",2024-03-20
276,"28,500","28,500","28,500","28,500",10,"285,000",2024-03-19
277,"28,500","28,160","28,160","28,500",303,"8,634,480",2024-03-18
278,"28,900","28,900","28,900","28,900",1,"28,900",2024-03-15
279,"28,960","28,900","28,960","28,940",3,"86,820",2024-03-14
280,"28,200","28,000","28,000","28,160",141,"3,952,860",2024-03-13
281,"28,120","28,020","28,120","28,080",11,"308,800",2024-03-12
282,"29,300","29,100","29,100","29,140",9,"262,300",2024-03-11
283,"29,080","28,000","28,400","28,460",133,"3,784,380",2024-03-07
284,"28,200","28,020","28,200","28,020",66,"1,855,140",2024-03-06
285,"29,060","28,040","28,060","28,200",8,"225,540",2024-03-05
286,"29,080","28,020","29,080","28,200",115,"3,243,880",2024-03-04
287,"29,060","29,060","29,060","29,060",1,"29,060",2024-03-01
288,"29,100","28,220","28,220","29,080",29,"833,080",2024-02-28
289,"29,000","28,120","28,220","28,740",139,"3,994,020",2024-02-27
290,"29,680","28,600","29,600","28,600",20,"577,280",2024-02-26
291,"28,000","28,000","28,000","28,000",170,"4,760,000",2024-02-23
292,"28,900","28,900","28,900","28,900",161,"4,652,900",2024-02-22
293,"29,600","28,140","29,600","28,380",94,"2,667,220",2024-02-21
294,"29,980","28,200","29,780","29,700",215,"6,135,880.00",2024-02-20
295,"29,980","29,500","29,980","29,780",126,"3,767,480",2024-02-19
296,"29,980","29,800","29,800","29,960",13,"389,460",2024-02-16
297,"29,800","28,500","29,800","28,660",24,"687,900",2024-02-15
298,"30,000","28,600","30,000","29,440",59,"1,737,360",2024-02-14
299,"29,600","29,460","29,460","29,520","1,323","39,043,900",2024-02-09
300,"29,480","29,460","29,480","29,480",36,"1,061,260",2024-02-08
301,"29,480","29,480","29,480","29,480",2,"58,960",2024-02-07
302,"29,400","29,000","29,400","29,040",22,"638,800",2024-02-06
303,"29,480","28,500","29,000","29,480",106,"3,034,040",2024-02-05
304,"32,000","32,000",0,0,"75,760","2,424,320,000",2024-02-02
305,"29,500","29,000","29,000","29,500",4,"116,500",2024-02-02
306,"28,600","28,500","28,600","28,520",134,"3,823,220",2024-01-31
307,"29,600","29,600","29,600","29,600",3,"88,800",2024-01-30
308,"32,700","32,700",0,0,"9,800","320,460,000",2024-01-29
309,"29,000","29,000","29,000","29,000",1,"29,000",2024-01-29
310,"29,100","29,100","29,100","29,100",147,"4,277,700",2024-01-26
311,"29,000","29,000","29,000","29,000",7,"203,000",2024-01-25
312,"29,000","28,600","28,600","28,640",27,"773,400",2024-01-24
313,"29,000","29,000","29,000","29,000",20,"580,000",2024-01-23
314,"29,800","29,780","29,800","29,780",6,"178,700",2024-01-22
315,"28,500","28,500","28,500","28,500",225,"6,412,500",2024-01-19
316,"29,800","29,000","29,800","29,020",75,"2,178,100",2024-01-18
317,"30,000","29,600","29,600","29,640",19,"563,200",2024-01-17
318,"33,000","33,000",0,0,"10,000","330,000,000",2024-01-16
319,"29,600","29,600","29,600","29,600",29,"858,400",2024-01-16
320,"29,600","29,000","29,500","29,600",19,"555,300",2024-01-15
321,"29,600","29,600","29,600","29,600",12,"355,200",2024-01-12
322,"30,000","30,000","30,000","30,000",20,"600,000",2024-01-11
323,"32,400","30,000","32,400","30,080",114,"3,428,400",2024-01-08
324,"32,000","31,000","32,000","31,100",11,"342,000",2024-01-05
325,"32,000","32,000","32,000","32,000",3,"96,000",2024-01-03
326,"33,300","33,300","33,300","33,300",30,"999,000",2024-01-02
327,"33,500","33,500","33,500","33,500",20,"670,000",2023-12-28
328,"31,520","31,520","31,520","31,520",6,"189,120",2023-12-27
329,"31,520","31,500","31,500","31,520",16,"504,120",2023-12-26
330,"36,100","32,500","33,000","35,000","37,720","1,280,894,080",2023-12-25
331,"33,000","31,980","31,980","33,000","6,423","211,633,500",2023-12-22
332,"32,000","28,420","29,900","30,200",631,"19,048,080",2023-12-21
333,"30,000","28,000","28,000","29,980",124,"3,644,600",2023-12-20
334,"30,000","28,000","28,000","29,840",120,"3,562,300",2023-12-19
335,"29,000","28,020","29,000","28,020",24,"685,260",2023-12-18
336,"29,980","28,840","28,840","29,580",166,"4,881,040",2023-12-14
337,"28,980","28,980","28,980","28,980",2,"57,960",2023-12-13
338,"28,000","26,400","26,400","26,520",953,"25,280,500",2023-12-12
339,"26,500","25,020","25,300","25,900",257,"6,652,680",2023-12-11
340,"25,400","25,400","25,400","25,400",1,"25,400",2023-12-07
341,"25,000","25,000","25,000","25,000",30,"750,000",2023-12-06
342,"25,400","25,400","25,400","25,400",3,"76,200",2023-12-05
343,"25,500","25,000","25,500","25,060",24,"606,820",2023-12-04
344,"25,500","25,000","25,040","25,480",265,"6,746,280",2023-12-01
345,"25,100","25,020","25,020","25,100",33,"827,500",2023-11-30
346,"25,240","25,000","25,240","25,100",55,"1,380,280",2023-11-29
347,"25,940","25,340","25,500","25,420",112,"2,856,080",2023-11-28
348,"25,700","25,700","25,700","25,700",1,"25,700",2023-11-27
349,"25,940","25,920","25,940","25,940",20,"518,760",2023-11-24
350,"25,420","25,400","25,420","25,400",26,"660,420",2023-11-23
351,"25,400","25,380","25,400","25,400",34,"863,400",2023-11-21
352,"26,000","25,400","26,000","25,840",36,"929,920",2023-11-20
353,"26,000","25,400","25,980","25,980",87,"2,254,780",2023-11-17
354,"25,360","25,320","25,320","25,320",20,"506,460",2023-11-15
355,"26,260","26,180","26,260","26,180",6,"157,320",2023-11-13
356,"26,280","25,300","25,300","25,520",8,"204,080",2023-11-10
357,"25,180","25,120","25,180","25,140",32,"804,660",2023-11-09
358,"26,300","25,000","26,300","25,300",69,"1,746,160",2023-11-08
359,"26,300","26,280","26,300","26,300",8,"210,320",2023-11-07
360,"26,340","25,420","26,340","26,300",156,"4,101,740",2023-11-06
361,"26,360","26,300","26,360","26,340",226,"5,944,860",2023-11-03
362,"26,360","26,140","26,140","26,360",5,"131,140",2023-11-02
363,"26,360","26,300","26,300","26,360",8,"210,700",2023-11-01
364,"26,180","25,000","25,700","26,140",54,"1,379,900",2023-10-31
365,"25,380","25,000","25,380","25,000",228,"5,734,720",2023-10-30
366,"26,600","25,340","26,600","25,700",41,"1,053,300",2023-10-27
367,"26,600","26,600","26,600","26,600",5,"133,000",2023-10-26
368,"26,800","26,580","26,800","26,600",126,"3,351,700",2023-10-25
369,"27,300","27,300",0,0,"11,100","303,030,000",2023-10-24
370,"26,920","26,600","26,920","26,640",40,"1,071,180",2023-10-24
371,"27,340","27,000","27,340","27,300",59,"1,607,340",2023-10-23
372,"27,360","26,000","27,360","26,540",105,"2,786,700",2023-10-20
373,"28,100","26,500","26,500","27,980",47,"1,258,980",2023-10-18
374,"28,140","28,120","28,120","28,120",17,"478,080",2023-10-17
375,"28,220","28,160","28,220","28,180",3,"84,540",2023-10-16
376,"28,260","28,220","28,260","28,220",6,"169,520",2023-10-13
377,"28,260","28,260","28,260","28,260",10,"282,600",2023-10-12
378,"26,320","26,320","26,320","26,320",29,"763,280",2023-10-11
379,"28,180","26,220","26,220","28,180",34,"920,880",2023-10-10
380,"28,500","26,100","26,100","28,100",557,"15,594,140",2023-10-09
381,"27,480","27,480","27,480","27,480",29,"796,920",2023-10-05
382,"27,500","25,660","27,500","25,660",54,"1,428,480",2023-10-04
383,"27,500","25,380","27,020","27,500",98,"2,587,000",2023-10-03
384,"27,960","27,900","27,960","27,900",6,"167,700",2023-10-02
385,"28,000","27,960","28,000","27,960",8,"223,920",2023-09-28
386,"28,000","27,500","27,500","27,960",31,"866,500",2023-09-27
387,"27,500","26,000","26,000","26,300",18,"473,460",2023-09-26
388,"27,500","26,900","27,000","27,500",34,"919,200",2023-09-25
389,"26,700","25,440","25,440","25,640",19,"487,140",2023-09-22
390,"27,800","26,680","26,680","27,800",56,"1,496,080",2023-09-21
391,"26,700","25,440","25,440","25,640",19,"487,140",2023-09-20
392,"25,380","25,360","25,380","25,380",11,"279,160",2023-09-19
393,"26,560","25,120","26,500","26,300",105,"2,747,360",2023-09-18
394,"27,500","26,500","27,500","26,560",148,"4,027,000",2023-09-15
395,"27,500","27,000","27,500","27,200",31,"843,000",2023-09-14
396,"27,960","27,500","27,960","27,840",32,"891,280",2023-09-13
397,"27,980","27,980","27,980","27,980",15,"419,700",2023-09-12
398,"28,000","28,000","28,000","28,000",73,"2,044,000",2023-09-11
399,"28,880","28,000","28,880","28,480",14,"398,840",2023-09-08
400,"29,000","28,980","28,980","28,980",4,"115,940",2023-09-07
401,"29,000","27,000","29,000","27,000",137,"3,733,300",2023-09-06
402,"29,700","28,000","29,700","28,440",110,"3,161,680",2023-09-05
403,"30,000","29,100","29,100","29,700",52,"1,544,100",2023-09-04
404,"29,220","29,000","29,000","29,100",12,"349,280",2023-09-01
405,"30,000","29,100","29,100","29,220",28,"818,400",2023-08-31
406,"29,200","29,100","29,200","29,100",16,"465,700",2023-08-30
407,"29,300","29,100","29,200","29,240",78,"2,281,900",2023-08-29
408,"29,200","29,200","29,200","29,200",1,"29,200",2023-08-28
409,"29,300","29,200","29,300","29,220",10,"292,200",2023-08-25
410,"29,400","29,200","29,400","29,320",283,"8,314,500",2023-08-24
411,"29,400","29,300","29,400","29,320",20,"587,700",2023-08-23
412,"29,400","29,300","29,300","29,300",38,"1,113,500",2023-08-22
413,"29,300","29,300","29,300","29,300",16,"468,800",2023-08-21
414,"30,000","29,300","29,400","29,300",96,"2,816,700",2023-08-18
415,"30,000","30,000","30,000","30,000",76,"2,280,000",2023-08-17
416,"32,000","29,080","29,100","31,980","5,230","152,286,560",2023-08-16
417,"32,000","29,000","32,000","29,080",55,"1,660,600",2023-08-15
418,"30,500","29,500","30,500","29,700",36,"1,068,960",2023-08-14
419,"31,200","31,200","31,200","31,200",2,"62,400",2023-08-11
420,"31,200","31,000","31,000","31,140",83,"2,584,000",2023-08-10
421,"32,000","30,000","32,000","30,980",54,"1,673,000",2023-08-09
422,"32,100","32,000","32,100","32,020",141,"4,514,000",2023-08-08
423,"32,100","32,000","32,000","32,020",48,"1,536,800",2023-08-07
424,"32,100","32,000","32,100","32,100",48,"1,539,300",2023-08-04
425,"33,000","32,000","33,000","32,540",56,"1,822,600",2023-08-03
426,"33,000","33,000","33,000","33,000",9,"297,000",2023-08-02
427,"33,000","33,000","33,000","33,000",19,"627,000",2023-08-01
428,"33,460","33,000","33,000","33,000",47,"1,551,920",2023-07-31
429,"33,000","33,000","33,000","33,000",20,"660,000",2023-07-28
430,"33,000","33,000","33,000","33,000",26,"858,000",2023-07-27
431,"33,000","33,000","33,000","33,000",17,"561,000",2023-07-26
432,"33,460","33,460","33,460","33,460",17,"568,820",2023-07-25
433,"33,500","33,000","33,500","33,000",25,"827,000",2023-07-24
434,"33,500","33,500","33,500","33,500",59,"1,976,500",2023-07-21
435,"33,500","32,800","33,300","33,420",76,"2,517,100",2023-07-20
436,"33,100","33,100","33,100","33,100",39,"1,290,900",2023-07-19
437,"33,100","33,000","33,000","33,000",94,"3,102,300",2023-07-18
438,"33,400","33,000","33,400","33,100",230,"7,621,200",2023-07-17
439,"33,600","33,500","33,500","33,600",33,"1,105,600",2023-07-07
440,"33,500","33,500","33,500","33,500",95,"3,182,500",2023-07-06
441,"33,000","33,000",0,0,"7,600","250,800,000",2023-07-05
442,"34,000","33,500","34,000","33,580",66,"2,227,100",2023-07-05
443,"34,000","34,000","34,000","34,000",89,"3,026,000",2023-07-04
444,"34,300","34,000","34,000","34,260",119,"4,063,100",2023-07-03
445,"34,120","34,000","34,000","34,000",68,"2,313,320",2023-06-30
446,"34,500","34,280","34,500","34,340",28,"961,140",2023-06-29
447,"34,900","34,300","34,600","34,560",20,"691,200",2023-06-28
448,"35,000","34,600","34,620","34,600",43,"1,489,360",2023-06-27
449,"35,380","34,700","35,380","34,700",38,"1,324,780",2023-06-26
450,"35,600","35,120","35,500","35,460",15,"532,060",2023-06-23
451,"36,000","36,000","36,000","36,000",46,"1,656,000",2023-06-22
452,"36,000","35,100","35,100","35,540",38,"1,345,480",2023-06-21
453,"34,900","34,600","34,620","34,900",5,"173,920",2023-06-20
454,"36,480","35,000","36,480","36,380",15,"527,860",2023-06-19
455,"34,860","34,500","34,860","34,500",14,"487,320",2023-06-16
456,"33,000","33,000",0,0,"26,095","861,135,000",2023-06-15
457,"35,600","34,000","35,600","34,860",234,"8,117,020",2023-06-15
458,"39,500","34,020","34,020","38,240","4,387","164,379,740",2023-06-14
459,"35,900","33,600","33,600","34,580",40,"1,360,540",2023-06-13
460,"37,300","33,000","33,000","35,280","24,441","846,964,280",2023-06-12
461,"33,080","32,300","33,080","32,500",4,"129,980",2023-06-09
462,"33,860","33,860",0,0,"7,838","265,394,680",2023-06-08
463,"33,300","32,020","33,300","33,080",42,"1,389,700",2023-06-08
464,"34,880","32,840","33,000","34,800","2,727","93,794,580",2023-06-07
465,"34,980","32,000","32,840","34,820","9,074","307,570,480",2023-06-06
466,"33,000","30,600","32,900","32,840","4,174","136,234,700",2023-06-05
467,"30,000","30,000",0,0,"323,890","9,716,700,000",2023-06-02
468,"33,400","30,020","33,400","33,000","1,261","41,429,000",2023-06-02
469,"36,400","30,000","33,300","33,900","7,152","242,336,940",2023-05-31